<?xml version="1.0" encoding="UTF-8"?>
<config>
  <!-- Uncomment this if you have PEAR Log installed
  <log>
    <type>file</type>
    <name>/path/to/propel.log</name>
    <ident>propel-datawrapper</ident>
    <level>7</level>
  </log>
  -->
  <propel>
    <datasources default="datawrapper">
      <datasource id="datawrapper">
        <adapter>mysql</adapter> <!-- sqlite, mysql, mssql, oracle, or pgsql -->
        <connection>
          <dsn>mysql:host=localhost;dbname=datawrapper</dsn>
          <user>root</user>
          <password></password>
        </connection>
      </datasource>
    </datasources>
  </propel>
</config>